_id,RSS,Region,Nom_etablissement,Nom_installation,No_permis_installation,Nombre_de_civieres_fonctionnelles,Nombre_de_civieres_occupees,Nombre_de_patients_sur_civiere_plus_de_24_heures,Nombre_de_patients_sur_civiere_plus_de_48_heures,Nombre_total_de_patients_presents_a_lurgence,Nombre_total_de_patients_en_attente_de_PEC,DMS_sur_civiere,DMS_ambulatoire,DMS_sur_civiere_horaire,DMS_ambulatoire_horaire,Heure_de_l'extraction_(image),Mise_a_jour
1,1,Bas-Saint-Laurent,Total régional,Total régional,,52,39,5,0,117,61,11.1983333333333,3.71322695035461,11:11,3:42,15:00:00,2025-12-31T15:45:00
2,1,Bas-Saint-Laurent,CISSS DU BAS-SAINT-LAURENT,CENTRE HOSPITALIER RÉGIONAL DU GRAND-PORTAGE,51218352,9,9,0,0,18,8,9.05,4,9:03,4:00,15:00:00,2025-12-31T15:45:00
3,1,Bas-Saint-Laurent,CISSS DU BAS-SAINT-LAURENT,HÔPITAL DE MATANE,51218980,7,6,0,0,15,8,10.47,3.24,10:28,3:14,15:00:00,2025-12-31T15:45:00
4,1,Bas-Saint-Laurent,CISSS DU BAS-SAINT-LAURENT,CLSC DE POHÉNÉGAMOOK,51219418,3,0,0,0,5,4,19.73,1.85,19:43,1:51,15:00:00,2025-12-31T15:45:00
5,1,Bas-Saint-Laurent,CISSS DU BAS-SAINT-LAURENT,HÔPITAL NOTRE-DAME-DE-FATIMA,51221141,7,6,0,0,19,13,9.86,4.41,9:51,4:24,15:00:00,2025-12-31T15:45:00
6,1,Bas-Saint-Laurent,CISSS DU BAS-SAINT-LAURENT,HÔPITAL DE NOTRE-DAME-DU-LAC,51221877,5,1,0,0,4,1,16,2.97,16:00,2:58,15:00:00,2025-12-31T15:45:00
7,1,Bas-Saint-Laurent,CISSS DU BAS-SAINT-LAURENT,HÔPITAL D'AMQUI,51226892,6,9,3,0,14,3,8.18,3.67,8:10,3:40,15:00:00,2025-12-31T15:45:00
8,1,Bas-Saint-Laurent,CISSS DU BAS-SAINT-LAURENT,HÔPITAL RÉGIONAL DE RIMOUSKI,51227882,12,6,2,0,27,12,11.78,5.13,11:46,5:07,15:00:00,2025-12-31T15:45:00
9,1,Bas-Saint-Laurent,CISSS DU BAS-SAINT-LAURENT,CENTRE MULTISERVICES DE SANTÉ ET DE SERVICES SOCIAUX DE TROIS-PISTOLES,51236156,3,2,0,0,15,12,12.6,2.43,12:36,2:25,15:00:00,2025-12-31T15:45:00
10,2,Saguenay-Lac-Saint-Jean,Total régional,Total régional,,104,70,5,0,168,88,11.7343209876543,3.86994475138121,11:44,3:52,15:00:00,2025-12-31T15:45:00
11,2,Saguenay-Lac-Saint-Jean,CIUSSS DU SAGUENAY - LAC-SAINT-JEAN,HÔPITAL DE CHICOUTIMI,51218394,41,31,5,0,44,12,12.93,4.12,12:55,4:07,15:00:00,2025-12-31T15:45:00
12,2,Saguenay-Lac-Saint-Jean,CIUSSS DU SAGUENAY - LAC-SAINT-JEAN,HÔPITAL DE DOLBEAU-MISTASSINI,51219384,10,5,0,0,29,21,16.17,3.41,16:10,3:24,15:00:00,2025-12-31T15:45:00
13,2,Saguenay-Lac-Saint-Jean,CIUSSS DU SAGUENAY - LAC-SAINT-JEAN,HÔPITAL D'ALMA,51219400,17,4,0,0,22,14,8.65,3.01,8:39,3:00,15:00:00,2025-12-31T15:45:00
14,2,Saguenay-Lac-Saint-Jean,CIUSSS DU SAGUENAY - LAC-SAINT-JEAN,HÔPITAL DE LA BAIE,51221364,7,6,0,0,21,9,12.02,5.68,12:01,5:40,15:00:00,2025-12-31T15:45:00
15,2,Saguenay-Lac-Saint-Jean,CIUSSS DU SAGUENAY - LAC-SAINT-JEAN,HÔPITAL ET CENTRE DE RÉADAPTATION DE JONQUIÈRE,51224541,16,15,0,0,26,13,14.13,3.43,14:07,3:25,15:00:00,2025-12-31T15:45:00
16,2,Saguenay-Lac-Saint-Jean,CIUSSS DU SAGUENAY - LAC-SAINT-JEAN,HÔPITAL ET CENTRE D'HÉBERGEMENT DE ROBERVAL,51228203,13,9,0,0,26,19,6.73,3.89,6:43,3:53,15:00:00,2025-12-31T15:45:00
17,3,Capitale-Nationale,Total régional,Total régional,,218,198,21,0,418,165,14.2582019704433,3.57498089171974,14:15,3:34,15:00:00,2025-12-31T15:45:00
18,3,Capitale-Nationale,CHU DE QUÉBEC - UNIVERSITÉ LAVAL,HÔPITAL DU SAINT-SACREMENT,51217529,22,14,1,0,31,8,19.02,3.31,19:01,3:18,15:00:00,2025-12-31T15:45:00
19,3,Capitale-Nationale,CHU DE QUÉBEC - UNIVERSITÉ LAVAL,L'HÔTEL-DIEU DE QUÉBEC,51217586,15,14,4,0,18,4,12.18,5.11,12:10,5:06,15:00:00,2025-12-31T15:45:00
20,3,Capitale-Nationale,CHU DE QUÉBEC - UNIVERSITÉ LAVAL,CENTRE HOSPITALIER DE L'UNIVERSITÉ LAVAL,51217594,43,43,1,0,72,24,9.81,5.02,9:48,5:01,15:00:00,2025-12-31T15:45:00
21,3,Capitale-Nationale,CHU DE QUÉBEC - UNIVERSITÉ LAVAL,HÔPITAL SAINT-FRANÇOIS D'ASSISE,51217602,34,38,3,0,65,21,19.64,3.36,19:38,3:21,15:00:00,2025-12-31T15:45:00
22,3,Capitale-Nationale,CIUSSS DE LA CAPITALE-NATIONALE,CENTRE MULTISERVICES DE SANTÉ ET DE SERVICES SOCIAUX CHAUVEAU,51225001,5,4,0,0,43,28,4.98,3.35,4:58,3:21,15:00:00,2025-12-31T15:45:00
23,3,Capitale-Nationale,CIUSSS DE LA CAPITALE-NATIONALE,CENTRE MULTISERVICES DE SANTÉ ET DE SERVICES SOCIAUX DE SAINTE-ANNE-DE-BEAUPRÉ,51225357,4,2,0,0,16,11,8.87,2.5,8:52,2:30,15:00:00,2025-12-31T15:45:00
24,3,Capitale-Nationale,CIUSSS DE LA CAPITALE-NATIONALE,HÔPITAL ET CLSC DE LA MALBAIE,51228690,9,4,0,0,19,10,7.44,2.09,7:26,2:05,15:00:00,2025-12-31T15:45:00
25,3,Capitale-Nationale,INSTITUT UNIVERSITAIRE DE CARDIOLOGIE ET DE PNEUMOLOGIE DE QUÉBEC - UNIVERSITÉ LAVAL,INSTITUT UNIVERSITAIRE DE CARDIOLOGIE ET DE PNEUMOLOGIE DE QUÉBEC,51232130,20,19,3,0,35,13,14.61,3.32,14:36,3:19,15:00:00,2025-12-31T15:45:00
26,3,Capitale-Nationale,CHU DE QUÉBEC - UNIVERSITÉ LAVAL,HÔPITAL DE L'ENFANT-JÉSUS,51233914,48,51,8,0,86,28,18.27,3.59,18:16,3:35,15:00:00,2025-12-31T15:45:00
27,3,Capitale-Nationale,CIUSSS DE LA CAPITALE-NATIONALE,CENTRE MULTISERVICES DE SANTÉ ET DE SERVICES SOCIAUX DE BAIE-SAINT-PAUL,51244804,8,5,1,0,11,4,10.52,5.1,10:31,5:06,15:00:00,2025-12-31T15:45:00
28,3,Capitale-Nationale,CIUSSS DE LA CAPITALE-NATIONALE,CENTRE MULTISERVICES DE SANTÉ ET DE SERVICES SOCIAUX DE SAINT-RAYMOND,51247302,7,3,0,0,14,9,14.98,3.01,14:58,3:00,15:00:00,2025-12-31T15:45:00
29,3,Capitale-Nationale,CIUSSS DE LA CAPITALE-NATIONALE,CENTRE MULTISERVICES DE SANTÉ ET DE SERVICES SOCIAUX DE SAINT-MARC-DES-CARRIÈRES,51247344,3,1,0,0,8,5,11.07,2.7,11:04,2:42,15:00:00,2025-12-31T15:45:00
30,4,Mauricie et Centre-du-Québec,Total régional,Total régional,,118,129,7,1,251,108,14.3818900343642,5.56038116591928,14:22,5:33,15:00:00,2025-12-31T15:45:00
31,4,Mauricie et Centre-du-Québec,CIUSSS DE LA MAURICIE-ET-DU-CENTRE-DU-QUÉBEC,CENTRE MULTISERVICES DE SANTÉ ET DE SERVICES SOCIAUX DE FORTIERVILLE,51219160,2,1,0,0,11,9,3.53,1.79,3:31,1:47,15:00:00,2025-12-31T15:45:00
32,4,Mauricie et Centre-du-Québec,CIUSSS DE LA MAURICIE-ET-DU-CENTRE-DU-QUÉBEC,CENTRE MULTISERVICES DE SANTÉ ET DE SERVICES SOCIAUX DU HAUT-SAINT-MAURICE,51219731,7,3,0,0,13,9,13.66,3.71,13:39,3:42,15:00:00,2025-12-31T15:45:00
33,4,Mauricie et Centre-du-Québec,CIUSSS DE LA MAURICIE-ET-DU-CENTRE-DU-QUÉBEC,HÔPITAL DU CENTRE-DE-LA-MAURICIE,51220051,19,18,0,0,38,13,13.45,5.45,13:27,5:27,15:00:00,2025-12-31T15:45:00
34,4,Mauricie et Centre-du-Québec,CIUSSS DE LA MAURICIE-ET-DU-CENTRE-DU-QUÉBEC,PAVILLON SAINTE-MARIE,51220168,45,43,5,1,60,19,16.7,6.76,16:42,6:45,15:00:00,2025-12-31T15:45:00
35,4,Mauricie et Centre-du-Québec,CIUSSS DE LA MAURICIE-ET-DU-CENTRE-DU-QUÉBEC,HÔTEL-DIEU D'ARTHABASKA,51228039,16,31,1,0,44,11,12.98,5.96,12:58,5:57,15:00:00,2025-12-31T15:45:00
36,4,Mauricie et Centre-du-Québec,CIUSSS DE LA MAURICIE-ET-DU-CENTRE-DU-QUÉBEC,HÔPITAL SAINTE-CROIX,51228781,19,21,1,0,44,24,12.44,8.25,12:26,8:15,15:00:00,2025-12-31T15:45:00
37,4,Mauricie et Centre-du-Québec,CIUSSS DE LA MAURICIE-ET-DU-CENTRE-DU-QUÉBEC,CENTRE MULTISERVICES DE SANTÉ ET DE SERVICES SOCIAUX AVELLIN-DALCOURT,51233583,4,6,0,0,26,15,15.09,3.48,15:05,3:28,15:00:00,2025-12-31T15:45:00
38,4,Mauricie et Centre-du-Québec,CIUSSS DE LA MAURICIE-ET-DU-CENTRE-DU-QUÉBEC,CENTRE MULTISERVICES DE SANTÉ ET DE SERVICES SOCIAUX CHRIST-ROI,51246338,6,6,0,0,15,8,19.93,4.89,19:55,4:53,15:00:00,2025-12-31T15:45:00
39,5,Estrie,Total régional,Total régional,,137,156,33,8,306,122,18.0142,7.58044680851064,18:00,7:34,15:00:00,2025-12-31T15:45:00
40,5,Estrie,CIUSSS DE L'ESTRIE - CENTRE HOSPITALIER UNIVERSITAIRE DE SHERBROOKE,CHUS - HÔPITAL FLEURIMONT,51216687,28,35,3,0,62,19,12.18,6.39,12:10,6:23,15:00:00,2025-12-31T15:45:00
41,5,Estrie,CIUSSS DE L'ESTRIE - CENTRE HOSPITALIER UNIVERSITAIRE DE SHERBROOKE,CHUS - HÔTEL-DIEU DE SHERBROOKE,51216695,44,57,17,5,68,10,20.63,7.37,20:37,7:22,15:00:00,2025-12-31T15:45:00
42,5,Estrie,CIUSSS DE L'ESTRIE - CENTRE HOSPITALIER UNIVERSITAIRE DE SHERBROOKE,CENTRE MULTISERVICES DE SANTÉ ET DE SERVICES SOCIAUX DE MEMPHRÉMAGOG,51219046,11,14,3,1,33,17,22.41,4.23,22:24,4:13,15:00:00,2025-12-31T15:45:00
43,5,Estrie,CIUSSS DE L'ESTRIE - CENTRE HOSPITALIER UNIVERSITAIRE DE SHERBROOKE,CENTRE DE SANTÉ ET DE SERVICES SOCIAUX DU GRANIT,51223832,5,6,0,0,17,7,16.95,3.92,16:57,3:55,15:00:00,2025-12-31T15:45:00
44,5,Estrie,CIUSSS DE L'ESTRIE - CENTRE HOSPITALIER UNIVERSITAIRE DE SHERBROOKE,HÔPITAL DE GRANBY,51228120,20,24,9,2,54,21,24.52,15.81,24:31,15:48,15:00:00,2025-12-31T15:45:00
45,5,Estrie,CIUSSS DE L'ESTRIE - CENTRE HOSPITALIER UNIVERSITAIRE DE SHERBROOKE,HÔPITAL BROME-MISSISQUOI-PERKINS,51229185,16,14,0,0,39,22,19.25,6.9,19:15,6:54,15:00:00,2025-12-31T15:45:00
46,5,Estrie,CIUSSS DE L'ESTRIE - CENTRE HOSPITALIER UNIVERSITAIRE DE SHERBROOKE,CENTRE MULTISERVICES DE SANTÉ ET DE SERVICES SOCIAUX DES SOURCES,51247583,7,4,1,0,21,18,11.16,5.19,11:09,5:11,15:00:00,2025-12-31T15:45:00
47,5,Estrie,CIUSSS DE L'ESTRIE - CENTRE HOSPITALIER UNIVERSITAIRE DE SHERBROOKE,CENTRE MULTISERVICES DE SANTÉ ET DE SERVICES SOCIAUX DE LA MRC DE COATICOOK,51247617,6,2,0,0,12,8,4.63,2.69,4:37,2:41,15:00:00,2025-12-31T15:45:00
48,6,Montréal,Total régional,Total régional,,568,790,287,110,1306,345,22.4199824098504,5.8631860609832,22:25,5:51,15:00:00,2025-12-31T15:45:00
49,6,Montréal,CIUSSS DU NORD-DE-L'ÎLE-DE-MONTRÉAL,HÔPITAL DU SACRÉ-COEUR-DE-MONTRÉAL,12475976,46,60,33,11,112,35,24.15,7.32,24:09,7:19,15:00:00,2025-12-31T15:45:00
50,6,Montréal,CIUSSS DE L'EST-DE-L'ÎLE-DE-MONTRÉAL,HÔPITAL MAISONNEUVE-ROSEMONT,12934659,54,71,23,4,119,52,27.01,5.49,27:00,5:29,15:00:00,2025-12-31T15:45:00
51,6,Montréal,CIUSSS DU CENTRE-SUD-DE-L'ÎLE-DE-MONTRÉAL,HÔPITAL DE VERDUN,51218097,26,24,4,0,46,8,21.6,6.22,21:36,6:13,15:00:00,2025-12-31T15:45:00
52,6,Montréal,CENTRE HOSPITALIER UNIVERSITAIRE SAINTE-JUSTINE,CHU SAINTE-JUSTINE,51222800,16,11,0,0,49,14,4.7,3.21,4:42,3:12,15:00:00,2025-12-31T15:45:00
53,6,Montréal,CENTRE UNIVERSITAIRE DE SANTÉ MCGILL,L'HÔPITAL DE MONTRÉAL POUR ENFANTS,51223279,12,15,0,0,50,15,8.38,3.17,8:22,3:10,15:00:00,2025-12-31T15:45:00
54,6,Montréal,CENTRE UNIVERSITAIRE DE SANTÉ MCGILL,HÔPITAL ROYAL VICTORIA,51223295,33,73,35,21,106,26,32.72,9.2,32:43,9:12,15:00:00,2025-12-31T15:45:00
55,6,Montréal,CIUSSS DE L'OUEST-DE-L'ÎLE-DE-MONTRÉAL,HÔPITAL DE LASALLE,51224392,15,29,13,4,51,13,29.45,6.64,29:27,6:38,15:00:00,2025-12-31T15:45:00
56,6,Montréal,CIUSSS DE L'OUEST-DE-L'ÎLE-DE-MONTRÉAL,HÔPITAL GÉNÉRAL DU LAKESHORE,51228278,31,53,24,14,68,8,24.62,7.4,24:37,7:24,15:00:00,2025-12-31T15:45:00
57,6,Montréal,CENTRE UNIVERSITAIRE DE SANTÉ MCGILL,HÔPITAL DE LACHINE,51228310,14,18,12,6,37,13,44.94,6.33,44:56,6:19,15:00:00,2025-12-31T15:45:00
58,6,Montréal,CIUSSS DU NORD-DE-L'ÎLE-DE-MONTRÉAL,HÔPITAL FLEURY,51228492,18,20,6,0,45,22,26.32,6.36,26:19,6:21,15:00:00,2025-12-31T15:45:00
59,6,Montréal,CIUSSS DU NORD-DE-L'ÎLE-DE-MONTRÉAL,HÔPITAL JEAN-TALON,51228500,22,25,4,1,53,18,20.78,4.33,20:46,4:19,15:00:00,2025-12-31T15:45:00
60,6,Montréal,CIUSSS DE L'OUEST-DE-L'ÎLE-DE-MONTRÉAL,HÔPITAL DOUGLAS,51235190,8,4,0,0,7,2,19.54,3.12,19:32,3:07,15:00:00,2025-12-31T15:45:00
61,6,Montréal,CIUSSS DE L'EST-DE-L'ÎLE-DE-MONTRÉAL,INSTITUT UNIVERSITAIRE EN SANTÉ MENTALE DE MONTRÉAL,51235307,12,14,7,2,19,3,25.4,2.05,25:24,2:03,15:00:00,2025-12-31T15:45:00
62,6,Montréal,CIUSSS DE L'EST-DE-L'ÎLE-DE-MONTRÉAL,HÔPITAL SANTA CABRINI,51235919,38,70,37,21,87,23,37.53,4.86,37:31,4:51,15:00:00,2025-12-31T15:45:00
63,6,Montréal,CENTRE HOSPITALIER DE L'UNIVERSITÉ DE MONTRÉAL,CENTRE HOSPITALIER DE L'UNIVERSITÉ DE MONTRÉAL,51236297,51,69,17,0,113,34,18.53,7.79,18:31,7:47,15:00:00,2025-12-31T15:45:00
64,6,Montréal,CIUSSS DU CENTRE-SUD-DE-L'ÎLE-DE-MONTRÉAL,HÔPITAL NOTRE-DAME,51236313,35,26,6,5,48,7,19.76,7.23,19:45,7:13,15:00:00,2025-12-31T15:45:00
65,6,Montréal,INSTITUT DE CARDIOLOGIE DE MONTRÉAL,INSTITUT DE CARDIOLOGIE DE MONTRÉAL,51248201,22,13,5,0,32,9,15.38,2.67,15:22,2:40,15:00:00,2025-12-31T15:45:00
66,6,Montréal,CENTRE UNIVERSITAIRE DE SANTÉ MCGILL,HÔPITAL GÉNÉRAL DE MONTRÉAL,51248219,31,45,19,11,70,9,37.08,7.34,37:04,7:20,15:00:00,2025-12-31T15:45:00
67,6,Montréal,CIUSSS DE L'OUEST-DE-L'ÎLE-DE-MONTRÉAL,CENTRE HOSPITALIER DE ST. MARY,51248243,22,33,9,1,59,13,24.94,7.09,24:56,7:05,15:00:00,2025-12-31T15:45:00
68,6,Montréal,CIUSSS DU CENTRE-OUEST-DE-L'ÎLE-DE-MONTRÉAL,HÔPITAL GÉNÉRAL JUIF,51248250,53,109,27,9,125,21,19.94,4.67,19:56,4:40,15:00:00,2025-12-31T15:45:00
69,6,Montréal,CIUSSS DU NORD-DE-L'ÎLE-DE-MONTRÉAL,HÔPITAL EN SANTÉ MENTALE ALBERT-PRÉVOST,51848752,9,8,6,0,10,0,40.52,3.72,40:31,3:43,15:00:00,2025-12-31T15:45:00
70,7,Outaouais,Total régional,Total régional,,83,122,77,33,236,95,28.4376978417266,6.20244776119403,28:26,6:12,15:00:00,2025-12-31T15:45:00
71,7,Outaouais,CISSS DE L'OUTAOUAIS,HÔPITAL ET CHSLD DU PONTIAC,51219459,4,2,1,0,14,9,35.01,5.68,35:00,5:40,15:00:00,2025-12-31T15:45:00
72,7,Outaouais,CISSS DE L'OUTAOUAIS,CLSC ET CENTRE D'HÉBERGEMENT DE LA PETITE-NATION,51219491,2,1,0,0,11,4,5,2.84,5:00,2:50,15:00:00,2025-12-31T15:45:00
73,7,Outaouais,CISSS DE L'OUTAOUAIS,HÔPITAL DE GATINEAU,51221703,28,36,22,8,66,27,30.14,9.36,30:08,9:21,15:00:00,2025-12-31T15:45:00
74,7,Outaouais,CISSS DE L'OUTAOUAIS,HÔPITAL DE HULL,51221711,25,50,34,15,78,30,28.94,10.16,28:56,10:09,15:00:00,2025-12-31T15:45:00
75,7,Outaouais,CISSS DE L'OUTAOUAIS,HÔPITAL DE MANIWAKI,51221893,6,8,7,3,13,3,23.54,4.31,23:32,4:18,15:00:00,2025-12-31T15:45:00
76,7,Outaouais,CISSS DE L'OUTAOUAIS,HÔPITAL ET CHSLD MÉMORIAL DE WAKEFIELD / WAKEFIELD MEMORIAL HOSPITAL,51228799,4,4,1,0,18,13,15.85,5.45,15:51,5:27,15:00:00,2025-12-31T15:45:00
77,7,Outaouais,CISSS DE L'OUTAOUAIS,HÔPITAL ET CHSLD DE PAPINEAU,51228823,12,21,12,7,32,7,32.73,4.24,32:43,4:14,15:00:00,2025-12-31T15:45:00
78,7,Outaouais,CISSS DE L'OUTAOUAIS,CENTRE MULTISERVICES DE SANTÉ ET DE SERVICES SOCIAUX DE MANSFIELD-ET-PONTEFRACT,51245058,2,0,0,0,4,2,7.99,3.87,7:59,3:52,15:00:00,2025-12-31T15:45:00
79,8,Abitibi-Témiscamingue,Total régional,Total régional,,37,32,4,0,135,82,12.0362711864406,5.41946341463414,12:02,5:25,15:00:00,2025-12-31T15:45:00
80,8,Abitibi-Témiscamingue,CISSS DE L'ABITIBI-TÉMISCAMINGUE,HÔPITAL DE VAL-D'OR,51225589,11,9,1,0,49,35,8.62,2.56,8:37,2:33,15:00:00,2025-12-31T15:45:00
81,8,Abitibi-Témiscamingue,CISSS DE L'ABITIBI-TÉMISCAMINGUE,HÔPITAL D'AMOS,51228906,7,8,2,0,22,7,12.76,2.15,12:45,2:09,15:00:00,2025-12-31T15:45:00
82,8,Abitibi-Témiscamingue,CISSS DE L'ABITIBI-TÉMISCAMINGUE,HÔPITAL DE ROUYN-NORANDA,51228922,8,7,0,0,41,29,15.61,12.1,15:36,12:06,15:00:00,2025-12-31T15:45:00
83,8,Abitibi-Témiscamingue,CISSS DE L'ABITIBI-TÉMISCAMINGUE,CENTRE MULTISERVICES DE SANTÉ ET DE SERVICES SOCIAUX DE TÉMISCAMING-KIPAWA,51247476,1,1,0,0,3,0,11.42,1.35,11:25,1:21,15:00:00,2025-12-31T15:45:00
84,8,Abitibi-Témiscamingue,CISSS DE L'ABITIBI-TÉMISCAMINGUE,CENTRE MULTISERVICES DE SANTÉ ET DE SERVICES SOCIAUX DE VILLE-MARIE,51247542,5,5,1,0,12,6,8.92,5.02,8:55,5:01,15:00:00,2025-12-31T15:45:00
85,8,Abitibi-Témiscamingue,CISSS DE L'ABITIBI-TÉMISCAMINGUE,CENTRE MULTISERVICES DE SANTÉ ET DE SERVICES SOCIAUX DE LA SARRE,51247559,5,2,0,0,8,5,11.5,3.66,11:30,3:39,15:00:00,2025-12-31T15:45:00
86,9,Côte-Nord,Total régional,Total régional,,41,31,17,7,106,57,20.2969811320754,5.59742718446602,20:17,5:35,15:00:00,2025-12-31T15:45:00
87,9,Côte-Nord,CISSS DE LA CÔTE-NORD,CENTRE MULTISERVICES DE SANTÉ ET DE SERVICES SOCIAUX DES ESCOUMINS,51218733,3,2,0,0,8,4,5.02,1.02,5:01,1:01,15:00:00,2025-12-31T15:45:00
88,9,Côte-Nord,CISSS DE LA CÔTE-NORD,CENTRE MULTISERVICES DE SANTÉ ET DE SERVICES SOCIAUX DE FORESTVILLE,51218741,5,1,1,0,4,1,12.36,2.1,12:21,2:06,15:00:00,2025-12-31T15:45:00
89,9,Côte-Nord,CISSS DE LA CÔTE-NORD,CLSC ET HÔPITAL LE ROYER,51228765,10,4,1,0,17,10,19.39,4,19:23,4:00,15:00:00,2025-12-31T15:45:00
90,9,Côte-Nord,CISSS DE LA CÔTE-NORD,HÔPITAL ET CLSC DE SEPT-ÎLES,51232023,10,18,14,7,39,18,30.92,12.76,30:55,12:45,15:00:00,2025-12-31T15:45:00
91,9,Côte-Nord,CISSS DE LA CÔTE-NORD,CENTRE MULTISERVICES DE SANTÉ ET DE SERVICES SOCIAUX DE FERMONT,51245108,2,1,1,0,10,8,0,8.07,0:00,8:04,15:00:00,2025-12-31T15:45:00
92,9,Côte-Nord,CISSS DE LA CÔTE-NORD,CENTRE MULTISERVICES DE SANTÉ ET DE SERVICES SOCIAUX DE LA MINGANIE,51245116,2,1,0,0,7,2,9.07,2.56,9:04,2:33,15:00:00,2025-12-31T15:45:00
93,9,Côte-Nord,CISSS DE LA CÔTE-NORD,CENTRE MULTISERVICES DE SANTÉ ET DE SERVICES SOCIAUX DE PORT-CARTIER,51245132,5,4,0,0,21,14,22.09,6.39,22:05,6:23,15:00:00,2025-12-31T15:45:00
94,9,Côte-Nord,CISSS DE LA CÔTE-NORD,CENTRE MULTISERVICES DE SANTÉ ET DE SERVICES SOCIAUX DE LA BASSE-CÔTE-NORD,51245140,4,0,0,0,0,0,4.19,1.24,4:11,1:14,15:00:00,2025-12-31T15:45:00
95,11,Gaspésie-Îles-de-la-Madeleine,Total régional,Total régional,,44,38,14,6,121,60,18.3304838709677,4.41247572815534,18:19,4:24,15:00:00,2025-12-31T15:45:00
96,11,Gaspésie-Îles-de-la-Madeleine,CISSS DE LA GASPÉSIE,HÔPITAL DE GASPÉ,51220903,6,6,1,0,20,11,10.49,4.79,10:29,4:47,15:00:00,2025-12-31T15:45:00
97,11,Gaspésie-Îles-de-la-Madeleine,CISSS DE LA GASPÉSIE,CLSC ET CENTRE DE SERVICES AMBULATOIRES DE PASPÉBIAC,51220978,4,3,1,0,14,8,15.92,4.21,15:55,4:12,15:00:00,2025-12-31T15:45:00
98,11,Gaspésie-Îles-de-la-Madeleine,CISSS DE LA GASPÉSIE,CLSC ET CENTRE DE SERVICES AMBULATOIRES DE MURDOCHVILLE,51221307,2,0,0,0,1,1,0,9.26,0:00,9:15,15:00:00,2025-12-31T15:45:00
99,11,Gaspésie-Îles-de-la-Madeleine,CISSS DE LA GASPÉSIE,HÔPITAL DE CHANDLER,51227775,8,6,6,5,22,10,32.48,4.67,32:28,4:40,15:00:00,2025-12-31T15:45:00
100,11,Gaspésie-Îles-de-la-Madeleine,CISSS DES ÎLES,HÔPITAL DE L'ARCHIPEL,51227783,6,0,0,0,3,0,19.03,3.12,19:01,3:07,15:00:00,2025-12-31T15:45:00
101,11,Gaspésie-Îles-de-la-Madeleine,CISSS DE LA GASPÉSIE,HÔPITAL ET GROUPE DE MÉDECINE DE FAMILLE UNIVERSITAIRE DE MARIA,51227908,10,13,3,1,36,14,20.85,3.96,20:51,3:57,15:00:00,2025-12-31T15:45:00
102,11,Gaspésie-Îles-de-la-Madeleine,CISSS DE LA GASPÉSIE,CENTRE MULTISERVICES DE SANTÉ ET DE SERVICES SOCIAUX DE GRANDE-VALLÉE,51247732,2,0,0,0,2,0,17.66,4.22,17:39,4:13,15:00:00,2025-12-31T15:45:00
103,11,Gaspésie-Îles-de-la-Madeleine,CISSS DE LA GASPÉSIE,HÔPITAL ET CLSC DE SAINTE-ANNE-DES-MONTS,51247799,6,10,3,0,23,16,15.19,4,15:11,4:00,15:00:00,2025-12-31T15:45:00
104,12,Chaudière-Appalaches,Total régional,Total régional,,89,115,31,9,248,86,18.5915231788079,3.87121951219512,18:35,3:52,15:00:00,2025-12-31T15:45:00
105,12,Chaudière-Appalaches,CISSS DE CHAUDIÈRE-APPALACHES,HÔTEL-DIEU DE LÉVIS,51227569,43,57,20,9,88,15,20.2,3.69,20:12,3:41,15:00:00,2025-12-31T15:45:00
106,12,Chaudière-Appalaches,CISSS DE CHAUDIÈRE-APPALACHES,HÔPITAL DE SAINT-GEORGES,51228971,21,33,7,0,51,18,16.85,3.62,16:51,3:37,15:00:00,2025-12-31T15:45:00
107,12,Chaudière-Appalaches,CISSS DE CHAUDIÈRE-APPALACHES,CHSLD ET HÔPITAL PAUL-GILBERT,51245199,0,0,0,0,44,25,2.86,3.76,2:51,3:45,15:00:00,2025-12-31T15:45:00
108,12,Chaudière-Appalaches,CISSS DE CHAUDIÈRE-APPALACHES,HÔPITAL DE MONTMAGNY,51245223,10,11,1,0,26,10,12.92,2.39,12:55,2:23,15:00:00,2025-12-31T15:45:00
109,12,Chaudière-Appalaches,CISSS DE CHAUDIÈRE-APPALACHES,HÔPITAL DE THETFORD,51245231,15,14,3,0,39,18,22.52,5.23,22:31,5:13,15:00:00,2025-12-31T15:45:00
110,13,Laval,Total régional,Total régional,,49,83,21,7,135,35,21.05,6.32,21:03,6:19,15:00:00,2025-12-31T15:45:00
111,13,Laval,CISSS DE LAVAL,HÔPITAL DE LA CITÉ-DE-LA-SANTÉ,51228757,49,83,21,7,135,35,21.05,6.32,21:03,6:19,15:00:00,2025-12-31T15:45:00
112,14,Lanaudière,Total régional,Total régional,,89,126,42,6,220,66,25.7920114942528,6.68604166666666,25:47,6:41,15:00:00,2025-12-31T15:45:00
113,14,Lanaudière,CISSS DE LANAUDIÈRE,HÔPITAL PIERRE-LE GARDEUR,51228062,47,64,25,6,117,35,33.14,6.69,33:08,6:41,15:00:00,2025-12-31T15:45:00
114,14,Lanaudière,CISSS DE LANAUDIÈRE,HÔPITAL DE LANAUDIÈRE ET CENTRE D'HÉBERGEMENT PARPHILIA-FERLAND,51244945,42,62,17,0,103,31,19.09,6.68,19:05,6:40,15:00:00,2025-12-31T15:45:00
115,15,Laurentides,Total régional,Total régional,,118,203,89,18,361,129,23.609270386266,7.10663366336633,23:36,7:06,15:00:00,2025-12-31T15:45:00
116,15,Laurentides,CISSS DES LAURENTIDES,HÔPITAL DE MONT-LAURIER,51217610,5,13,8,2,22,6,21.93,8.77,21:55,8:46,15:00:00,2025-12-31T15:45:00
117,15,Laurentides,CISSS DES LAURENTIDES,CENTRE MULTISERVICES DE SANTÉ ET DE SERVICES SOCIAUX DE RIVIÈRE-ROUGE,51217628,5,7,2,0,12,6,14.7,5.27,14:42,5:16,15:00:00,2025-12-31T15:45:00
118,15,Laurentides,CISSS DES LAURENTIDES,HÔPITAL DE SAINT-EUSTACHE,51228864,35,67,34,5,108,37,24.29,7.5,24:17,7:30,15:00:00,2025-12-31T15:45:00
119,15,Laurentides,CISSS DES LAURENTIDES,HÔPITAL DE SAINT-JÉRÔME,51228880,47,81,28,10,127,34,27.95,6.9,27:57,6:54,15:00:00,2025-12-31T15:45:00
120,15,Laurentides,CISSS DES LAURENTIDES,CENTRE MULTISERVICES DE SANTÉ ET DE SERVICES SOCIAUX D'ARGENTEUIL,51245306,8,8,5,0,26,15,13.86,5.11,13:51,5:06,15:00:00,2025-12-31T15:45:00
121,15,Laurentides,CISSS DES LAURENTIDES,CENTRE MULTISERVICES DE SANTÉ ET DE SERVICES SOCIAUX DE SAINTE-AGATHE,51246874,18,27,12,1,66,31,20.88,7.83,20:52,7:49,15:00:00,2025-12-31T15:45:00
122,16,Montérégie,Total régional,Total régional,,239,302,133,38,650,280,23.8442782152231,6.80188202247191,23:50,6:48,15:00:00,2025-12-31T15:45:00
123,16,Montérégie,CISSS DE LA MONTÉRÉGIE-OUEST,HÔPITAL BARRIE MEMORIAL / BARRIE MEMORIAL HOSPITAL,51228005,5,3,2,0,38,35,13.74,5.48,13:44,5:28,15:00:00,2025-12-31T15:45:00
124,16,Montérégie,CISSS DE LA MONTÉRÉGIE-EST,HÔPITAL PIERRE-BOUCHER,51229011,47,62,35,14,116,44,24.3,10.94,24:18,10:56,15:00:00,2025-12-31T15:45:00
125,16,Montérégie,CISSS DE LA MONTÉRÉGIE-CENTRE,HÔPITAL DU HAUT-RICHELIEU,51229045,37,44,19,4,88,32,22.85,6.09,22:51,6:05,15:00:00,2025-12-31T15:45:00
126,16,Montérégie,CISSS DE LA MONTÉRÉGIE-EST,HÔTEL-DIEU DE SOREL,51229102,17,27,10,2,62,25,24.22,5.62,24:13,5:37,15:00:00,2025-12-31T15:45:00
127,16,Montérégie,CISSS DE LA MONTÉRÉGIE-OUEST,HÔPITAL DU SUROÎT,51229136,32,39,13,4,77,31,26.49,4.99,26:29,4:59,15:00:00,2025-12-31T15:45:00
128,16,Montérégie,CISSS DE LA MONTÉRÉGIE-OUEST,HÔPITAL ANNA-LABERGE,51229151,32,45,27,10,80,35,29.9,7.74,29:54,7:44,15:00:00,2025-12-31T15:45:00
129,16,Montérégie,CISSS DE LA MONTÉRÉGIE-EST,HÔPITAL HONORÉ-MERCIER,51229193,26,37,11,1,79,34,23.21,7.54,23:12,7:32,15:00:00,2025-12-31T15:45:00
130,16,Montérégie,CISSS DE LA MONTÉRÉGIE-CENTRE,HÔPITAL CHARLES-LE MOYNE,51233799,43,45,16,3,110,44,21.25,5.26,21:15,5:15,15:00:00,2025-12-31T15:45:00
131,99,Ensemble du Québec,Ensemble du Québec,Ensemble du Québec,,1986,2434,786,243,4778,1779,19.9785172133369,5.54702683515547,19:58,5:32,15:00:00,2025-12-31T15:45:00
